Monro,651
Brose,966
Kesley,221
Sutherlan,920
Ginelle,331
Basia,313
Ely,747
Seth,245
Pavel,314
Linus,229
Doro,979
Alida,768
Quinn,294
Lance,751
Shir,348
Sharla,747
Enriqueta,218
Kassie,669
Royal,614
Fredia,453
Ricoriki,449
Imogene,344
Kerrie,752
Caralie,691
Miltie,527
Pepe,749
Duffy,217
Tamqrah,989
Marquita,529
Cedric,434
Adria,162
Lenora,493
Hardy,263
Zebadiah,655
Jessie,890
Ulick,170
Sybyl,909
Elianora,203
Prentiss,479
Gweneth,962
Alison,415
Caesar,715
Pavla,902
Boote,590
Jacquelynn,413
Glynis,771
Britta,540
Bonni,886
Atlanta,143
Rick,395
Gnni,936
Elberta,266
Amory,650
Sander,235
Callean,297
Sib,998
Ulrika,503
Ash,878
Alexis,885
Gerladina,410
Kirby,964
Lars,107
Devan,567
Joshua,948
Eadith,761
Cherianne,373
Ofella,144
Blaire,487
Beale,457
Lorens,116
Elroy,201
Quincy,609
Donal,165
Bettina,156
Berky,101
Aland,907
Halimeda,867
Adrian,840
Wildon,190
Gilbertine,592
Cornelius,832
Rickie,943
Cornell,735
Corette,292
Ferguson,646
Horatia,340
Bartel,709
Pietrek,873
Sheilakathryn,928
Marice,195
Renie,860
Tom,847
Nonah,506
Wallis,172
Orelee,732
Missie,752
Tandy,507
Adelbert,155
Judd,460
Wolf,792
Mollie,174
Benjie,544
Spencer,534
Laurens,945
Zachariah,261
Florance,675
Minette,445
Rab,975
Udale,830
Ricca,489
Devon,834
Dayna,343
Lissi,536
Violetta,268
Claybourne,919
Legra,402
Patrice,725
Kaleb,626
Joya,397
Wendy,829
Amanda,362
Christoph,901
Karl,664
Raymond,409
Gabrila,789
Jedidiah,173
Arluene,379
Annetta,877
Retha,531
Sophronia,161
Flory,617
Ellwood,209
Flor,180
Ken,256
Feodor,152
Burnard,395
Magdalena,707
Bren,345
Elliott,859
Katti,336
Casper,366
Alayne,571
Penny,932
Tore,700
Felicio,659
Royce,168
Fayre,561
Devin,737
Welby,897
Maegan,852
Adel,760
Sam,430
Elisabet,500
Jobina,734
Crin,141
Kessiah,728
Karleen,413
Giffy,627
Madella,499
Gladi,214
Galven,532
Goran,897
Joceline,500
Georgina,143
Rudd,980
Cary,572
Obie,479
Archer,447
Florida,610
Phip,115
Briant,539
Pauly,428
Millisent,652
Pascal,672
Evaleen,817
Aubrey,866
Michele,769
Mendy,843
Sheryl,431
Flss,525
Lanna,640
Leona,340
Myrna,916
Jilleen,977
Rosemaria,319
Lyn,907
Leonard,410
Eadie,948
Elie,699
Lane,552
Perice,189
Nonna,263
Sigrid,701
Ransell,489
Gerard,383
Neill,907
Jarrid,680
Kennett,939
Prentice,579
Linell,818
Noland,417
Sophronia,384
Sydel,139
Bentlee,207
Prudence,255
Roma,463
Nikita,195
Vyky,872
Frasier,326
Viva,890
Adaline,127
Lavinia,602
Myranda,646
Leola,506
Ado,409
Tiffie,672
Rebbecca,981
Boothe,915
Obadiah,654
Kass,828
Saxe,608
Aloin,917
Berny,753
Jewelle,424
Saundra,809
Darelle,490
Vladamir,149
Sadella,301
Ruthy,849
Amabel,443
Hewet,783
Sella,675
Tiffie,313
Ludwig,502
Ardeen,877
Cordi,358
Ari,815
Laraine,423
Ed,352
Hill,477
Annecorinne,250
Trixi,568
Kelila,157
Packston,836
Trenna,444
Stearne,542
Tatiania,909
Burtie,863
Marni,157
Harvey,991
Sindee,102
Erminie,844
Cherilynn,379
Jackelyn,176
Yoko,559
Marla,992
Kasper,924
Zulema,927
Saunderson,696
Tatum,390
Raven,473
Boony,450
Carena,809
Francisca,768
Eloise,189
Sutherland,614
Alexa,371
Chic,792
Kelley,206
Berti,562
Sula,589
Fleur,643
Hulda,845
Bronnie,178
Gilli,234
Berkeley,659
Rosita,988
Daren,793
Maxie,911
Wilfrid,878
Pip,591
Sherm,312
Randy,999
Reece,143
Regan,735
Felix,964
Arabela,274
Wally,485
Sergio,812
Cassy,795
Arlyn,806
Ev,331
Jeremie,849
Christabella,537
Shea,336
Myrtie,310
Dallas,534
Philly,224
Tabitha,221
Morena,157
Selle,154
Arni,530
Berrie,235
Lena,923
Stephana,111
Lauri,922
Neille,643
Wilma,957
Roarke,290
Aubrie,128
Walton,476
Jimmy,476
Scot,563
Melisande,123
Andros,374
Elisha,162
Martino,653
Brian,558
Anders,675
Paloma,261
Bernardina,283
Trumaine,457
Forrest,211
Clayson,414
Rockwell,457
Wright,326
Ransom,287
Cally,965
Bernetta,141
Adelina,972
Kennedy,696
Kimmy,837
Sheffield,688
Winna,418
Jule,354
Beilul,820
Mervin,196
Kippy,137
Marcelline,956
Berta,779
Jena,812
Lauree,257
Kipp,409
Ofelia,733
Diana,120
Livvyy,222
Geri,591
Nerita,569
Bald,794
Carmen,947
Garald,804
Kearney,218
Cynthie,964
Ewan,405
Franny,169
Marita,664
Dulciana,490
Arlen,639
Urbanus,237
Baily,281
Jillie,227
Nissy,821
Kaylil,383
Fawne,769
Cedric,689
Gracie,983
De,753
Barr,789
Larisa,494
Karna,565
Sheri,839
Rickert,686
Stacee,828
Roddy,553
Bret,756
Carroll,457
Thorpe,183
Foster,319
Billye,957
Bendite,624
Tully,100
Daveta,896
Franchot,485
Leela,225
Latia,543
Melodie,204
Louisette,813
Guglielma,326
Celisse,437
Batholomew,184
Osborne,205
Evanne,687
Minta,473
Sile,195
Devinne,964
Darelle,906
Wendie,227
Modestia,772
Hester,106
Wandie,212
Hollie,184
Sal,408
Felicdad,848
Marin,301
Jerrine,770
Patrice,645
Trish,479
Jackson,181
Ingamar,209
Giulio,873
Belva,318
Eugenius,548
Sterling,359
Olly,430
Peta,395
Guenevere,378
Madelon,206
Theda,476
Annelise,417
Nesta,889
Waldon,951
Jeannie,200
Conchita,772
Anatol,402
Paolina,624
Kiri,918
Woodrow,660
Dawna,970
Letti,779
Sylvan,529
Della,868
Hedi,418
Seana,529
Rabi,164
Maddi,308
Gretel,753
Birgit,815
Helenka,671
Craggie,795
Marcelline,311
Nikki,461
Dorita,511
Elyssa,143
Laurella,738
Quill,804
Garrard,327
Cosette,698
Margarethe,213
Parsifal,861
Jesus,849
Finley,363
Gratia,881
Yulma,934
Win,413
Arley,616
Rhoda,562
Nicholas,382
Vinny,676
Sheri,379
Jacky,430
Clive,674
Arlie,966
Danya,230
Ringo,474
Lynnet,616
Leland,458
Anetta,497
Angelina,764
Hallsy,982
Raffaello,634
Kakalina,241
Lira,317
Ree,628
Leila,896
Gwenore,418
Edna,822
Darrin,313
Angie,402
Craggie,885
Glenine,445
Jacquetta,570
Janette,687
Dick,439
Henka,498
Frederico,416
Deny,947
Any,759
Obadias,266
Bald,662
Adelaide,917
Adolph,858
Ajay,310
Emili,613
Cristabel,476
Margette,793
Bucky,976
Pacorro,884
Tobiah,518
Milt,443
Hoebart,395
Marti,292
Fulvia,182
Oneida,432
Dannye,589
Evita,871
Ginni,256
Charlean,143
Giffie,313
Nelle,206
Flory,418
Rockey,694
Adriano,160
Gunther,466
Claire,752
Penn,715
Ellette,497
Vite,763
Kristan,789
Vivian,469
Daphna,703
Igor,193
Dolley,816
Bel,304
Selle,993
Elmira,930
Justis,731
Jonis,259
Neely,665
Dar,604
Cindelyn,687
Mycah,468
Sissy,461
Catrina,961
Glyn,224
Audi,321
Lorrin,340
Markus,974
Aggy,624
Thatch,179
Hakeem,358
Skipper,904
Nora,496
Aldrich,775
Zeb,284
Doreen,282
Kimball,832
Page,877
Sybil,412
Wenonah,987
Alejandra,955
Shandy,271
Renate,599
Laina,431
Joelie,640
Kean,743
Peter,404
Pietra,339
Nadia,205
Scarlett,468
Joelie,185
Freeland,347
Major,273
Kristofor,157
Cyrillus,204
Lesya,713
Clare,166
Lief,610
Nikola,384
Coop,851
Cleo,277
West,268
Anabal,825
Allyce,344
Gilbert,693
Star,389
Urson,490
Rutter,363
Sunny,470
Cassandre,177
Yoshiko,617
Christa,458
Dion,808
Caty,532
Culver,308
Horacio,116
Olympia,908
Dian,951
Christiane,193
Griffy,613
Brigg,787
Obie,998
Herta,399
Farah,496
Sidney,776
Elianora,327
Kaycee,832
Porter,494
Viv,507
Bennie,677
Haywood,743
Alisander,756
Caspar,842
Flori,803
Cecilla,886
Grete,873
Renard,179
Harmon,834
Thibaut,524
Charmain,951
Maye,461
Tory,233
Mareah,366
Jobyna,192
Rhea,943
Deedee,666
Robbyn,911
Flss,183
Cheryl,381
Justis,654
Merill,521
Hilton,886
Gabie,785
Edin,252
Seamus,679
Othilia,213
Karylin,218
Chandal,512
Ortensia,264
Karry,775
Kathryne,781
Haslett,633
Bill,151
Reggy,276
Biron,275
Bettye,520
Katlin,347
Sharai,544
Lloyd,617
Korry,919
Roze,813
Mavis,827
Rafa,533
Donal,296
Woodrow,844
Bjorn,898
Kerry,831
Jessie,776
Bobbye,731
Lucien,527
Michaeline,904
Leon,173
Nessie,579
Zak,869
Hephzibah,260
Curcio,498
Shermie,944
Garey,317
Mellicent,223
Hermie,864
Orren,781
Carleton,636
Wes,637
Hamnet,196
Margareta,415
Jayne,531
Cobb,206
Olva,220
Constantino,672
Libbie,238
Sheffie,150
Kirby,520
Ansel,251
Barny,165
Georgeanna,649
Mommy,219
Mano,970
Lanae,113
Marlie,550
Delcina,400
Lukas,167
Stan,297
Holly,426
Katharyn,827
Beniamino,854
Ernesto,264
Brana,670
Jessie,441
Bron,456
Vinita,286
Doti,528
Marketa,845
Granville,890
Chandler,957
Leonanie,282
Dell,295
Selina,761
Arthur,403
Annemarie,860
Theresita,158
Howey,537
Fredrick,432
Giorgi,472
Rip,286
Kyle,136
Halie,455
Rebecka,584
Roslyn,153
Lawry,986
Gusella,440
Devland,757
Jocelin,274
Terri-jo,597
Hillel,343
Haily,312
Belicia,298
Husain,479
Sigfried,500
Dew,235
Darcy,192
Imogen,634
Joelle,546
Lucky,306
Mead,738
Mason,842
Codie,406
Meggy,643
Zandra,529
Joya,732
Andi,553
Theo,623
Leilah,369
Clarissa,635
Kessiah,802
Shepperd,615
Clem,141
Jordan,839
Linn,502
Edithe,621
Abba,162
Miguel,824
Felike,160
Janifer,957
Vidovic,383
Amy,465
Stanislas,624
Siegfried,653
Wilona,660
Ethelred,631
Antoni,134
Sylvan,251
Michaella,623
Beck,593
Leupold,124
Dara,280
Ferrell,175
Waylin,161
Saba,663
Chuck,600
Datha,593
Linn,103
Opalina,474
Analiese,614
Jeri,460
Emilee,317
Raleigh,708
Emery,862
Tiffanie,636
Ronnie,790
Keary,956
Saidee,106
Deedee,231
Brian,305
Burton,748
Wake,916
Bobina,281
Dolly,939
Lovell,226
Pearla,781
Lynnette,153
Llewellyn,871
Winny,485
Delcine,866
Ashley,687
Hirsch,393
Stella,542
Normy,494
Karlie,197
Alvera,635
Liesa,803
Carlyn,522
Mahmoud,921
Orran,794
Rhona,258
Elsy,933
Moina,803
Vassili,563
Lisette,168
Bria,969
Rickard,129
Denys,380
Jamill,776
Marcile,497
Peyter,356
Sergeant,893
Richmond,187
Bank,416
Alon,411
Sawyere,834
Dorita,155
Reggis,389
Creight,318
Ritchie,399
Rudolph,776
Luce,618
Cassandra,781
Birgit,404
Eran,174
Esteban,896
Lavinia,355
Stanwood,203
Verena,175
Lorettalorna,834
Carmella,906
Glennie,719
Barn,653
Fabe,866
Harli,837
Reine,483
Jessika,902
Valeria,894
Tyson,435
Johny,224
Ki,732
Ginny,325
Ingrim,667
Amye,676
Allene,932
Barrett,341
Yetty,201
Electra,806
Herbie,828
Jilleen,411
Rhody,773
Farlay,892
Ramon,735
Maurise,745
Marjy,606
Felic,517
Benjy,786
Lorin,252
Tracy,125
Archer,689
Gawen,726
Suzi,810
Beale,762
Brice,226
Ailee,376
Jonathon,746
Vin,291
Ulla,911
Ivonne,450
Giana,853
Fredrick,504
Tisha,488
Man,514
Reilly,411
Torey,597
Merry,704
Antoinette,902
Dynah,511
Kimmi,193
Welby,228
Glendon,126
Jonie,964
Llywellyn,768
Grant,100
Cheri,514
Shaine,596
Lila,581
Mayor,541
Gray,210
Wilbur,415
Dalis,603
Noella,574
Kearney,374
Carmine,245
Jarret,561
Jennifer,301
Collette,522
Virgina,719
Glyn,186
Florentia,879
Gardy,942
Glenn,241
Shauna,690
Irita,230
Orlan,941
Myrtice,647
Sofia,318
Harlen,377
Querida,585
Anne,454
Killian,742
Isabelita,230
Granthem,685
Kingston,189
Barbara,291
Fabe,972
Erhart,839
Saul,819
Kenyon,734
Norton,568
Christye,685
Anders,480
Peder,441
Atlante,561
Rance,983
Wayland,662
Datha,338
Dana,521
Lyle,118
Kamillah,359
Darin,177
Hogan,488
Hazel,828
Ada,671
Phillie,582
Somerset,280
Stirling,828
Gwyn,277
Kinsley,728
Mady,382
Almira,779
Thaddus,826
Lucio,430
Tilda,386
Tammy,490
Reta,704
Crichton,403
Ashleigh,750
Brenda,936
Clem,843
Georg,901
Edmon,148
Anatollo,978
Harlin,819
Andee,894
Alain,228
Florrie,945
Jerrie,995
Bryanty,763
Winnah,524
Darda,541
Ingrim,917
Alejandrina,193
Judon,834
Perl,148
Templeton,322
Kennan,943
Dniren,400
Glynn,557
Alvie,266
Margarette,369
Isabella,745
Dean,309
Cyndie,801
Consuela,743
See,203
Genna,884
Booth,332
Leena,411
Colette,370
Lance,691
Horton,769
Kris,658
Trip,808
Cherise,664
Erina,427
Nathanael,382
Hilliard,922
Merle,362
Tony,323
Zarah,613
Lenna,928
Noelle,330
Erinna,196
Renato,261
Agnes,430
Hedvige,685
Cacilia,998
Jareb,454
Katheryn,795
Giuditta,479
Basia,781
Violante,900
Yancy,842
Elinor,639
Di,692
Eryn,811
Valina,898
